delta_ep,reversibility_index,noise_index,sei_thickness,ipa_decay_rate,kinetics_proxy,diffusion_proxy,stability_index,consistency_score,cycle_count,soh
59.0,0.107,0.0529,7.65,0.6866,1.0,0.9762,0.9131,0.9805,1,100.0
62.94,0.1348,0.05,14.36,0.5413,1.0,1.0,0.8951,0.9849,2,100.0
59.0,0.1,0.05,15.69,0.5301,1.0,0.9997,0.9284,0.9923,3,99.87
74.17,0.1219,0.05,15.03,0.551,0.992,1.0,0.9087,0.9959,4,99.85
59.0,0.1,0.05,20.79,0.5214,0.9626,1.0,0.9077,0.9823,5,100.0
59.77,0.1017,0.05,21.52,0.5561,1.0,1.0,0.8724,0.9812,6,100.0
64.73,0.1223,0.0563,30.1,0.5637,1.0,1.0,0.9113,0.9885,7,99.65
62.79,0.1,0.05,22.89,0.5082,1.0,0.9627,0.9137,0.9677,8,100.0
60.41,0.141,0.052,23.11,0.4368,1.0,0.9831,0.9021,0.9947,9,99.56
59.88,0.1736,0.0579,22.53,0.528,0.9758,1.0,0.8817,0.9908,10,99.5
63.56,0.1302,0.05,27.15,0.4563,0.9786,1.0,0.9071,0.9714,11,99.8
72.79,0.1865,0.0645,26.01,0.4769,1.0,0.978,0.9021,1.0,12,98.65
63.45,0.1207,0.05,28.15,0.4996,0.9509,1.0,0.8648,0.9761,13,98.67
65.86,0.1579,0.05,33.6,0.5165,0.9633,1.0,0.8999,0.9777,14,99.17
67.37,0.108,0.0547,33.68,0.6799,0.9529,1.0,0.8553,0.9837,15,98.86
66.52,0.1188,0.05,32.94,0.4613,0.9774,1.0,0.9043,0.9785,16,99.44
72.27,0.1309,0.0621,35.64,0.441,0.9721,1.0,0.9058,0.985,17,98.73
70.27,0.1654,0.05,36.46,0.5103,0.9792,1.0,0.9084,0.9985,18,98.37
68.28,0.1065,0.0578,35.63,0.538,0.9935,1.0,0.9104,0.9791,19,99.7
78.17,0.1,0.05,39.52,0.6028,1.0,1.0,0.8935,0.9676,20,98.74
67.94,0.1008,0.0636,37.81,0.4406,0.9796,1.0,0.8826,0.9693,21,98.77
73.36,0.1415,0.0515,38.07,0.5627,0.9381,0.959,0.8751,0.9739,22,97.89
72.14,0.1739,0.0642,39.54,0.5319,0.9542,0.9888,0.8852,0.9872,23,98.2
65.47,0.1424,0.0704,40.46,0.5704,1.0,0.9824,0.8964,0.9827,24,98.39
74.01,0.115,0.0577,42.54,0.6899,1.0,1.0,0.8727,0.9933,25,97.61
71.37,0.1949,0.05,40.63,0.4734,0.9207,0.9789,0.8759,0.984,26,98.22
75.39,0.1949,0.0671,41.98,0.4556,0.9936,0.9587,0.9245,0.9992,27,97.58
71.38,0.1,0.0711,43.68,0.6693,0.9309,0.973,0.888,0.9765,28,97.57
73.02,0.1621,0.05,44.4,0.5637,0.9913,0.997,0.8637,0.9423,29,97.25
76.46,0.1381,0.05,48.47,0.5435,1.0,0.9912,0.9327,1.0,30,98.3
74.32,0.1734,0.0652,48.91,0.4563,0.996,1.0,0.8508,0.9488,31,97.19
68.62,0.1461,0.0682,49.94,0.5735,1.0,0.9498,0.8483,0.966,32,96.48
77.3,0.1427,0.05,47.42,0.4216,0.9958,0.99,0.8673,0.9625,33,97.22
75.62,0.1588,0.072,46.4,0.6253,0.9491,0.9582,0.8779,0.9429,34,96.01
75.88,0.1177,0.0805,49.1,0.4954,0.9759,0.9755,0.8782,0.9797,35,96.52
88.08,0.1553,0.0592,49.25,0.3594,0.9127,0.9958,0.909,0.953,36,95.22
86.75,0.1792,0.0954,52.7,0.5749,0.9304,0.9371,0.8807,0.9436,37,95.32
74.43,0.1432,0.0521,54.47,0.6657,0.9636,1.0,0.8809,0.9454,38,95.86
88.96,0.1782,0.0524,51.36,0.4892,0.9227,0.9919,0.9177,0.9349,39,95.91
86.39,0.1495,0.0595,51.24,0.5,0.9611,0.9531,0.8824,0.9582,40,95.39
84.0,0.1469,0.0598,54.6,0.6437,0.927,0.9689,0.8901,0.9231,41,95.01
89.32,0.1587,0.0724,52.22,0.4195,0.9045,0.9654,0.8785,0.9361,42,94.67
93.22,0.1398,0.0686,52.0,0.5505,0.9474,0.941,0.8615,0.9686,43,93.83
86.65,0.2131,0.0576,56.09,0.7575,0.8729,0.9432,0.8813,0.9453,44,93.95
91.92,0.1717,0.0702,55.34,0.7326,0.9536,0.9649,0.8609,0.9387,45,93.82
85.91,0.1952,0.0636,56.8,0.8142,0.9764,0.9553,0.8956,0.9436,46,94.31
80.44,0.1614,0.051,56.16,0.6203,0.995,0.9636,0.864,0.9641,47,93.68
84.8,0.2159,0.0816,54.59,0.7578,0.9432,0.9387,0.8744,0.9842,48,92.35
93.82,0.2065,0.0669,56.38,0.7123,0.914,0.9542,0.856,0.9533,49,93.11
97.09,0.2385,0.0685,58.17,0.5435,0.9207,0.9555,0.8774,0.9211,50,92.46
101.48,0.2537,0.0791,63.07,0.5723,0.8928,0.909,0.89,0.9498,51,92.02
95.54,0.2171,0.0626,64.75,0.6562,0.9364,0.9617,0.8714,0.9434,52,92.36
92.24,0.2241,0.093,63.12,0.8044,0.9169,0.9266,0.8588,0.9394,53,92.26
103.06,0.1638,0.0906,60.7,0.6092,0.8987,0.9105,0.8759,0.9374,54,91.9
95.67,0.191,0.0757,64.99,0.6486,0.8735,0.9294,0.848,0.8745,55,90.69
102.07,0.2237,0.0862,65.91,0.7883,0.91,0.9117,0.9046,0.9293,56,90.63
102.45,0.23,0.0813,62.47,0.6185,0.9015,0.9331,0.8422,0.9137,57,90.62
102.97,0.2233,0.0944,57.99,0.7853,0.9552,0.8922,0.8462,0.9205,58,90.61
99.31,0.221,0.0716,67.42,0.7898,0.9466,0.9397,0.8251,0.9109,59,89.54
109.53,0.2101,0.0905,63.98,0.6625,0.928,0.9326,0.8394,0.9434,60,89.33
104.59,0.2753,0.0918,64.43,0.7479,0.862,0.9357,0.8389,0.9049,61,88.52
116.67,0.2407,0.0731,62.5,0.7835,0.8576,0.9491,0.7989,0.9469,62,88.11
110.22,0.2511,0.0797,66.87,0.7071,0.9347,0.9214,0.8468,0.9095,63,88.75
109.23,0.2644,0.0684,63.9,0.7871,0.9058,0.9147,0.8436,0.9231,64,88.65
110.67,0.2452,0.0908,65.24,0.774,0.8401,0.9302,0.8473,0.9149,65,87.56
117.74,0.3166,0.0985,64.01,0.6024,0.8738,0.9114,0.8489,0.8961,66,87.72
116.23,0.2526,0.0845,65.44,0.6513,0.8458,0.8857,0.8561,0.8876,67,87.01
131.55,0.301,0.0953,67.11,0.8305,0.8612,0.9004,0.8818,0.8995,68,86.11
123.78,0.2638,0.0927,72.86,0.6958,0.9337,0.913,0.8198,0.9147,69,86.21
122.27,0.3014,0.0768,68.34,0.7303,0.8787,0.9127,0.8355,0.8763,70,86.4
123.39,0.3154,0.1019,72.55,0.8609,0.8843,0.8892,0.7928,0.9049,71,85.2
121.23,0.3007,0.0823,68.68,0.8757,0.8726,0.9073,0.8285,0.899,72,85.58
133.28,0.307,0.1039,70.62,0.7741,0.8426,0.8776,0.8058,0.9096,73,83.07
119.83,0.3016,0.0945,74.81,0.8129,0.8941,0.854,0.8271,0.9094,74,84.36
127.38,0.3486,0.0962,75.28,1.0382,0.8452,0.8683,0.8469,0.9188,75,83.56
126.44,0.3116,0.1005,70.31,0.7283,0.8205,0.8566,0.8139,0.8884,76,82.93
137.63,0.2972,0.114,73.06,0.8199,0.8687,0.8475,0.821,0.8857,77,82.68
137.17,0.3533,0.1334,72.82,0.7997,0.8167,0.8464,0.7932,0.8981,78,81.18
140.43,0.3225,0.0991,75.46,0.7896,0.8581,0.8652,0.7777,0.9076,79,81.61
142.87,0.3233,0.1041,75.57,0.8815,0.8573,0.8999,0.8037,0.8597,80,81.44
126.7,0.3187,0.1074,79.04,0.7945,0.8451,0.8601,0.8314,0.9267,81,81.53
135.66,0.3431,0.1228,77.41,1.0586,0.843,0.841,0.8121,0.8905,82,80.06
144.4,0.3802,0.1249,78.9,1.0238,0.8395,0.8396,0.8001,0.8892,83,79.43
137.26,0.3799,0.1114,77.1,1.0197,0.8229,0.841,0.7683,0.8783,84,79.1
143.88,0.4312,0.1115,77.92,0.9127,0.8664,0.84,0.8022,0.8766,85,79.32
144.07,0.3621,0.119,80.15,0.7999,0.8161,0.8213,0.8166,0.8299,86,78.53
143.25,0.3975,0.1357,78.4,0.8645,0.8604,0.7985,0.744,0.8643,87,77.6
143.49,0.3554,0.127,79.47,0.8633,0.7657,0.845,0.8011,0.8536,88,77.61
157.47,0.3622,0.107,78.11,0.9287,0.8051,0.8166,0.7915,0.8269,89,76.89
155.71,0.3928,0.1336,80.62,0.9805,0.8142,0.8297,0.7969,0.8781,90,76.81
153.65,0.4321,0.1258,83.39,0.8927,0.8392,0.8083,0.7486,0.8471,91,75.45
150.3,0.4399,0.1213,80.08,0.7778,0.7686,0.7577,0.7439,0.858,92,75.11
159.36,0.4339,0.1199,81.37,0.977,0.7425,0.8314,0.7902,0.8355,93,74.54
158.82,0.4396,0.1125,81.51,0.9294,0.7378,0.7864,0.8033,0.8474,94,73.46
154.83,0.4468,0.1459,84.25,0.9973,0.7513,0.8089,0.7769,0.8541,95,73.8
162.57,0.4675,0.1283,85.52,1.0218,0.828,0.7762,0.8009,0.8373,96,73.23
158.19,0.4293,0.1326,84.23,1.0671,0.7425,0.7836,0.8055,0.8645,97,72.54
165.66,0.4526,0.1391,85.1,0.9254,0.746,0.7448,0.7673,0.8395,98,71.86
164.5,0.5117,0.1293,81.48,1.0719,0.775,0.8018,0.7443,0.8425,99,70.7
166.95,0.4602,0.1506,86.14,0.8932,0.7872,0.795,0.7406,0.8284,100,70.62
171.2,0.4792,0.138,83.97,1.0585,0.7734,0.7736,0.743,0.8333,101,70.08
156.88,0.515,0.1287,85.09,0.9644,0.6922,0.7788,0.737,0.8208,102,69.26
171.68,0.4978,0.1477,83.69,1.181,0.7139,0.7221,0.7364,0.8426,103,68.99
177.08,0.4766,0.1444,86.06,1.295,0.7374,0.7591,0.764,0.8159,104,68.68
171.13,0.4796,0.1467,87.02,1.1575,0.7287,0.7663,0.7425,0.8133,105,68.81
166.67,0.5292,0.1555,89.66,0.8226,0.777,0.736,0.7589,0.7839,106,67.35
181.38,0.4765,0.1476,91.96,1.1038,0.7158,0.7512,0.7438,0.805,107,66.78
182.39,0.5889,0.1557,89.02,1.2427,0.7356,0.7506,0.7427,0.7754,108,65.99
193.14,0.4994,0.1641,87.68,1.1602,0.6988,0.7196,0.7307,0.8232,109,64.44
186.34,0.523,0.1698,91.94,1.038,0.7096,0.7299,0.7178,0.8199,110,64.76
185.01,0.5406,0.1602,90.05,1.0622,0.6433,0.7426,0.7039,0.7698,111,64.17
173.4,0.5115,0.147,93.65,1.2624,0.6707,0.7607,0.7433,0.7858,112,64.73
177.25,0.6211,0.1525,87.68,1.3007,0.7473,0.7257,0.725,0.7949,113,62.75
195.15,0.5795,0.1705,91.62,1.1998,0.6479,0.6888,0.6779,0.7791,114,62.35
188.26,0.5327,0.1721,94.69,1.3134,0.6162,0.6673,0.7264,0.7576,115,61.52
195.5,0.5957,0.1644,92.64,1.1112,0.6345,0.6824,0.6696,0.7804,116,60.29
195.18,0.5905,0.1748,95.5,1.248,0.6439,0.6828,0.7147,0.7748,117,60.77
197.89,0.5623,0.1687,90.45,1.4268,0.6118,0.6587,0.6851,0.7877,118,59.9
198.04,0.628,0.1706,94.28,1.1807,0.7077,0.6429,0.7024,0.7795,119,59.24
205.81,0.6016,0.1809,94.37,1.2784,0.6588,0.697,0.6774,0.7324,120,57.7
202.03,0.6795,0.1727,97.9,1.4521,0.6174,0.6683,0.7234,0.7543,121,58.17
207.18,0.6073,0.1771,93.94,1.2013,0.6166,0.6226,0.685,0.7212,122,56.07
209.06,0.6466,0.1664,96.34,1.441,0.5819,0.674,0.6902,0.7396,123,56.36
206.88,0.6374,0.1868,97.04,1.2245,0.624,0.6132,0.68,0.736,124,56.45
209.72,0.6825,0.2042,97.83,1.2505,0.5893,0.6448,0.6736,0.7901,125,54.15
216.73,0.6566,0.1918,97.32,1.354,0.6156,0.635,0.6525,0.7148,126,53.64
206.64,0.6702,0.1851,93.17,1.4155,0.6657,0.6122,0.683,0.7414,127,53.25
218.09,0.6936,0.1964,98.51,1.4282,0.5618,0.6227,0.6576,0.72,128,52.21
224.62,0.6525,0.2036,98.48,1.5282,0.5851,0.5908,0.6711,0.7574,129,50.95
224.55,0.679,0.1899,96.74,1.3878,0.5532,0.5882,0.6562,0.7405,130,51.02
224.89,0.7073,0.2078,95.45,1.349,0.5556,0.5557,0.6605,0.7547,131,49.71
231.3,0.6861,0.222,100.0,1.409,0.5417,0.574,0.6409,0.7276,132,49.72
229.84,0.708,0.216,100.0,1.5649,0.5028,0.5156,0.66,0.6904,133,48.27
226.68,0.6678,0.1922,100.0,1.5371,0.5342,0.5192,0.6328,0.7277,134,48.74
225.49,0.7289,0.2161,100.0,1.5094,0.5053,0.5771,0.6308,0.7108,135,46.8
229.64,0.7159,0.2091,100.0,1.6789,0.4886,0.5158,0.6607,0.7048,136,46.26
231.52,0.7626,0.2126,100.0,1.5795,0.5132,0.5893,0.6181,0.7229,137,46.04
241.06,0.7895,0.2399,100.0,1.4703,0.5259,0.5158,0.6614,0.703,138,44.23
237.9,0.7566,0.211,100.0,1.6668,0.4918,0.5078,0.6316,0.7238,139,44.17
243.99,0.7837,0.2177,100.0,1.7017,0.4996,0.5214,0.6461,0.7101,140,43.91
248.5,0.8424,0.2259,100.0,1.5997,0.4975,0.5359,0.6184,0.7,141,41.65
251.36,0.7656,0.2237,100.0,1.3957,0.5519,0.4841,0.6043,0.6841,142,41.74
249.52,0.8091,0.2431,100.0,1.5902,0.4919,0.4939,0.637,0.6961,143,40.97
253.09,0.8104,0.248,100.0,1.4877,0.4905,0.4807,0.5915,0.6957,144,40.41
260.28,0.8102,0.2451,100.0,1.6759,0.5406,0.4878,0.5576,0.6913,145,38.57
258.21,0.8573,0.2514,100.0,1.5457,0.4486,0.4513,0.5769,0.6843,146,37.7
264.44,0.8296,0.2325,100.0,1.7862,0.4373,0.4664,0.5892,0.6572,147,37.78
261.75,0.824,0.2516,100.0,1.6407,0.4689,0.4527,0.6187,0.6609,148,36.83
261.82,0.8646,0.2359,100.0,1.5482,0.4775,0.4409,0.631,0.6539,149,35.96
263.65,0.8913,0.2727,100.0,1.8367,0.4633,0.4562,0.5913,0.6508,150,35.15
